{"cameraMode":{"drawMode":0,"name":"Shaded","section":"Shading Mode"},"sceneLighting":true,"audioPlay":false,"sceneViewState":{"m_AlwaysRefresh":false,"showFog":true,"showSkybox":true,"showFlares":true,"showImageEffects":true,"showParticleSystems":true,"showVisualEffectGraphs":true,"m_FxEnabled":true},"in2DMode":false,"pivot":{"x":16.26213264465332,"y":-0.7864906787872315,"z":415.0476989746094},"rotation":{"x":0.07683441042900086,"y":0.44141829013824465,"z":-0.037970658391714099,"w":0.8932016491889954},"size":16.337467193603517,"orthographic":false}